"id","location_srs","location_x","location_y","operator","elevation","slope","aspect","region","country","geometry","area","map_class","map_class_label","actively_saved","actively_saved_on_year","actively_saved_on_month","actively_saved_on_day","plot_file","ref_class","ref_class_label","confidence","confidence_label","comments"
"200","EPSG:4326","8.045375","9.445375","Rasak Adekola","779","0.0128255667579703","4.85032637439465","Kaduna","Nigeria","points","1.0","1","Stable non-forest","true","2018","11","30","pts_CE_2018-11-29_nigeria_GFC_samples.csv","1","Stable non-forest","hi","High","Mainly agriculture"
"89","EPSG:4326","7.971875","12.975875","Rasak Adekola","507","0.0112697507317193","4.34292695421393","Katsina","Nigeria","points","1.0","1","Stable non-forest","true","2018","11","30","pts_CE_2018-11-29_nigeria_GFC_samples.csv","1","Stable non-forest","hi","High","Agriculture"
"125","EPSG:4326","2.896375","7.077625","Rasak Adekola","32","0.00385749918170869","3.82778069560713","Ogun","Nigeria","points","1.0","1","Stable non-forest","true","2018","11","30","pts_CE_2018-11-29_nigeria_GFC_samples.csv","1","Stable non-forest","hi","High",
"9","EPSG:4326","7.741125","10.668875","Rasak Adekola","599","0.0041738240573313","2.11767483202939","Kaduna","Nigeria","points","1.0","1","Stable non-forest","true","2018","11","30","pts_CE_2018-11-29_nigeria_GFC_samples.csv","2","Stable forest","hi","High",
"184","EPSG:4326","4.797125","8.301625","Rasak Adekola","379","0.00922503216709262","1.94725407665663","Kwara","Nigeria","points","1.0","1","Stable non-forest","true","2018","11","30","pts_CE_2018-11-29_nigeria_GFC_samples.csv","2","Stable forest","hi","High","Forest gain"
"36","EPSG:4326","7.927625","7.957375","Rasak Adekola","57","3.84258789971022E-4","5.49631184095691","Benue","Nigeria","points","1.0","1","Stable non-forest","true","2018","11","30","pts_CE_2018-11-29_nigeria_GFC_samples.csv","2","Stable forest","hi","High",
"224","EPSG:4326","4.383375","12.539875","Rasak Adekola","222","0.0122040130686727","5.55254599380074","Kebbi","Nigeria","points","1.0","1","Stable non-forest","true","2018","11","30","pts_CE_2018-11-29_nigeria_GFC_samples.csv","1","Stable non-forest","hi","High",
"29","EPSG:4326","4.271125","10.357125","Rasak Adekola","233","0.0140412700557528","5.82870879766316","Niger","Nigeria","points","1.0","1","Stable non-forest","true","2018","11","30","pts_CE_2018-11-29_nigeria_GFC_samples.csv","2","Stable forest","hi","High","Agriculture pronounced"
"176","EPSG:4326","10.376125","10.018125","Rasak Adekola","372","0.0279358665092483","0.545922322148658","Bauchi","Nigeria","points","1.0","1","Stable non-forest","true","2018","11","30","pts_CE_2018-11-29_nigeria_GFC_samples.csv","1","Stable non-forest","hi","High",
"289","EPSG:4326","11.431625","9.737375","Rasak Adekola","521","0.047464662350753","2.29952395119468","Gombe","Nigeria","points","1.0","1","Stable non-forest","true","2018","11","30","pts_CE_2018-11-29_nigeria_GFC_samples.csv","1","Stable non-forest","hi","High",
"264","EPSG:4326","4.551875","7.508875","Rasak Adekola","258","0.00303353258421065","6.10299643945608","Osun","Nigeria","points","1.0","1","Stable non-forest","true","2018","11","30","pts_CE_2018-11-29_nigeria_GFC_samples.csv","1","Stable non-forest","hi","High",
"56","EPSG:4326","10.072125","8.708625","Rasak Adekola","162","0.00913662171208484","5.01388466090517","Plateau","Nigeria","points","1.0","1","Stable non-forest","true","2018","11","30","pts_CE_2018-11-29_nigeria_GFC_samples.csv","2","Stable forest","hi","High",
"139","EPSG:4326","5.920125","9.804625","Rasak Adekola","103","0.0105646784013321","4.53163983939966","Niger","Nigeria","points","1.0","1","Stable non-forest","true","2018","11","30","pts_CE_2018-11-29_nigeria_GFC_samples.csv","1","Stable non-forest","hi","High",
"152","EPSG:4326","9.769625","9.312625","Rasak Adekola","356","0.0151231597258697","2.97834665947548","Plateau","Nigeria","points","1.0","1","Stable non-forest","true","2018","11","30","pts_CE_2018-11-29_nigeria_GFC_samples.csv","1","Stable non-forest","hi","High",
"113","EPSG:4326","9.108625","11.815375","Rasak Adekola","425","0.00200962762000891","5.78308808872317","Kano","Nigeria","points","1.0","1","Stable non-forest","true","2018","11","30","pts_CE_2018-11-29_nigeria_GFC_samples.csv","1","Stable non-forest","hi","High","Agriculture"
"212","EPSG:4326","8.839875","8.332875","Rasak Adekola","176","0.00680461017561452","3.06145309501446","Nassarawa","Nigeria","points","1.0","1","Stable non-forest","true","2018","11","30","pts_CE_2018-11-29_nigeria_GFC_samples.csv","3","Deforestation","hi","High",
"107","EPSG:4326","7.243125","12.953125","Rasak Adekola","429","0.00668650198650191","1.69282667179015","Katsina","Nigeria","points","1.0","1","Stable non-forest","true","2018","11","30","pts_CE_2018-11-29_nigeria_GFC_samples.csv","1","Stable non-forest","hi","High",
"239","EPSG:4326","7.698375","11.517125","Rasak Adekola","610","0.00828238870914731","1.07584977650406","Katsina","Nigeria","points","1.0","1","Stable non-forest","true","2018","11","30","pts_CE_2018-11-29_nigeria_GFC_samples.csv","1","Stable non-forest","hi","High",
"296","EPSG:4326","9.374375","12.500375","Rasak Adekola","371","4.29734068116707E-4","5.95621220668695","Jigawa","Nigeria","points","1.0","1","Stable non-forest","true","2018","11","30","pts_CE_2018-11-29_nigeria_GFC_samples.csv","1","Stable non-forest","hi","High",
"63","EPSG:4326","11.026625","9.391875","Rasak Adekola","318","0.0442931392247545","2.69863673003215","Taraba","Nigeria","points","1.0","1","Stable non-forest","true","2018","11","30","pts_CE_2018-11-29_nigeria_GFC_samples.csv","1","Stable non-forest","hi","High",
"97","EPSG:4326","11.350375","12.773875","Rasak Adekola","337","6.92206229149227E-4","3.34254361020028","Yobe","Nigeria","points","1.0","1","Stable non-forest","true","2018","11","30","pts_CE_2018-11-29_nigeria_GFC_samples.csv","1","Stable non-forest","hi","High","Agriculture"
"42","EPSG:4326","6.716625","9.367125","Rasak Adekola","342","0.0122461691049394","2.91665986888873","Niger","Nigeria","points","1.0","1","Stable non-forest","true","2018","11","30","pts_CE_2018-11-29_nigeria_GFC_samples.csv","1","Stable non-forest","hi","High",
"290","EPSG:4326","12.861375","13.228875","Rasak Adekola","300","7.7524357884736E-4","3.9370796590562","Borno","Nigeria","points","1.0","1","Stable non-forest","true","2018","11","30","pts_CE_2018-11-29_nigeria_GFC_samples.csv","1","Stable non-forest","hi","High",
"17","EPSG:4326","3.940375","12.301125","Rasak Adekola","225","0.0040702491403308","2.30039510986537","Kebbi","Nigeria","points","1.0","1","Stable non-forest","true","2018","11","30","pts_CE_2018-11-29_nigeria_GFC_samples.csv","2","Stable forest","hi","High",
"294","EPSG:4326","9.709375","9.912375","Rasak Adekola","552","0.00745487186639432","2.17014323505555","Bauchi","Nigeria","points","1.0","1","Stable non-forest","true","2018","11","30","pts_CE_2018-11-29_nigeria_GFC_samples.csv","1","Stable non-forest","hi","High",
"230","EPSG:4326","11.521375","12.439875","Rasak Adekola","340","6.92170399455348E-4","0.200696678107312","Yobe","Nigeria","points","1.0","1","Stable non-forest","true","2018","11","30","pts_CE_2018-11-29_nigeria_GFC_samples.csv","1","Stable non-forest","hi","High",
"75","EPSG:4326","4.661375","12.654875","Rasak Adekola","269","0.00578808060075521","3.55924380226966","Kebbi","Nigeria","points","1.0","1","Stable non-forest","true","2018","11","30","pts_CE_2018-11-29_nigeria_GFC_samples.csv","3","Deforestation","hi","High",
"210","EPSG:4326","6.871875","11.915625","Rasak Adekola","547","0.00859607485796467","3.66130939656764","Zamfara","Nigeria","points","1.0","1","Stable non-forest","true","2018","11","30","pts_CE_2018-11-29_nigeria_GFC_samples.csv","1","Stable non-forest","hi","High",
"191","EPSG:4326","4.488125","9.940875","Rasak Adekola","199","0.0110517500219562","0.894379515426148","Niger","Nigeria","points","1.0","1","Stable non-forest","true","2018","11","30","pts_CE_2018-11-29_nigeria_GFC_samples.csv","3","Deforestation","hi","High",
"233","EPSG:4326","5.941625","10.352125","Rasak Adekola","268","0.00595158283727496","2.12262206215377","Niger","Nigeria","points","1.0","1","Stable non-forest","true","2018","11","30","pts_CE_2018-11-29_nigeria_GFC_samples.csv","3","Deforestation","hi","High",
"219","EPSG:4326","10.855125","9.721125","Rasak Adekola","302","0.0105392968969216","2.93252954833924","Bauchi","Nigeria","points","1.0","1","Stable non-forest","true","2018","11","30","pts_CE_2018-11-29_nigeria_GFC_samples.csv","1","Stable non-forest","hi","High",
"32","EPSG:4326","6.532125","8.067625","Rasak Adekola","151","0.0104644217980525","1.79299966176325","Kogi","Nigeria","points","1.0","1","Stable non-forest","true","2018","11","30","pts_CE_2018-11-29_nigeria_GFC_samples.csv","2","Stable forest","hi","High",
"227","EPSG:4326","4.673875","11.441125","Rasak Adekola","224","0.00173667566365634","1.88856580392147","Kebbi","Nigeria","points","1.0","1","Stable non-forest","true","2018","11","30","pts_CE_2018-11-29_nigeria_GFC_samples.csv","1","Stable non-forest","hi","High","Agro-pastoral"
"253","EPSG:4326","10.250375","11.211125","Rasak Adekola","423","0.00515430192499626","3.46712861100972","Bauchi","Nigeria","points","1.0","1","Stable non-forest","true","2018","11","30","pts_CE_2018-11-29_nigeria_GFC_samples.csv","2","Stable forest","hi","High",
"133","EPSG:4326","6.954875","6.539375","Rasak Adekola","41","0.0147564884961501","0.508802017673394","Anambra","Nigeria","points","1.0","1","Stable non-forest","true","2018","11","30","pts_CE_2018-11-29_nigeria_GFC_samples.csv","1","Stable non-forest","hi","High",
"111","EPSG:4326","9.125125","8.650375","Rasak Adekola","170","0.00942879687344713","0.746963979534279","Plateau","Nigeria","points","1.0","1","Stable non-forest","true","2018","11","30","pts_CE_2018-11-29_nigeria_GFC_samples.csv","1","Stable non-forest","hi","High",
"157","EPSG:4326","8.979375","12.076125","Rasak Adekola","395","1.93366867343983E-4","0.793234094137842","Jigawa","Nigeria","points","1.0","1","Stable non-forest","true","2018","11","30","pts_CE_2018-11-29_nigeria_GFC_samples.csv","1","Stable non-forest","hi","High",
"19","EPSG:4326","10.492625","8.160125","Rasak Adekola","170","0.00824386279061655","0.354116014643447","Taraba","Nigeria","points","1.0","1","Stable non-forest","true","2018","11","30","pts_CE_2018-11-29_nigeria_GFC_samples.csv","2","Stable forest","hi","High",
"72","EPSG:4326","9.287625","11.480875","Rasak Adekola","423","0.00314722362005195","0.131443829310183","Jigawa","Nigeria","points","1.0","1","Stable non-forest","true","2018","11","30","pts_CE_2018-11-29_nigeria_GFC_samples.csv","1","Stable non-forest","hi","High",
"92","EPSG:4326","10.301625","10.504125","Rasak Adekola","467","0.00818075384927679","3.04091068851203","Bauchi","Nigeria","points","1.0","1","Stable non-forest","true","2018","11","30","pts_CE_2018-11-29_nigeria_GFC_samples.csv","2","Stable forest","hi","High",
"180","EPSG:4326","10.718625","10.993375","Rasak Adekola","326","0.0153900521251725","2.70902460454229","Gombe","Nigeria","points","1.0","1","Stable non-forest","true","2018","11","30","pts_CE_2018-11-29_nigeria_GFC_samples.csv","1","Stable non-forest","hi","High",
"102","EPSG:4326","13.898625","11.419375","Rasak Adekola","316","9.87298987295331E-4","2.1526843148104","Borno","Nigeria","points","1.0","1","Stable non-forest","true","2018","11","30","pts_CE_2018-11-29_nigeria_GFC_samples.csv","1","Stable non-forest","hi","High",
"218","EPSG:4326","12.472125","12.077375","Rasak Adekola","349","2.75596458548195E-4","4.71238898038469","Borno","Nigeria","points","1.0","1","Stable non-forest","true","2018","11","30","pts_CE_2018-11-29_nigeria_GFC_samples.csv","1","Stable non-forest","hi","High",
"127","EPSG:4326","12.703875","11.182375","Rasak Adekola","406","0.00424710389743677","2.34997479163714","Borno","Nigeria","points","1.0","1","Stable non-forest","true","2018","11","30","pts_CE_2018-11-29_nigeria_GFC_samples.csv","1","Stable non-forest","hi","High",
"288","EPSG:4326","5.382875","13.084375","Rasak Adekola","256","0.00476604396692096","3.05440331785279","Sokoto","Nigeria","points","1.0","1","Stable non-forest","true","2018","11","30","pts_CE_2018-11-29_nigeria_GFC_samples.csv","1","Stable non-forest","hi","High",
"250","EPSG:4326","10.013875","12.374875","Rasak Adekola","359","6.93889390390723E-18","4.71238898038469","Jigawa","Nigeria","points","1.0","1","Stable non-forest","true","2018","11","30","pts_CE_2018-11-29_nigeria_GFC_samples.csv","1","Stable non-forest","hi","High",
"93","EPSG:4326","4.120625","12.717875","Rasak Adekola","221","0.005248765260321","5.41489210225857","Kebbi","Nigeria","points","1.0","1","Stable non-forest","true","2018","11","30","pts_CE_2018-11-29_nigeria_GFC_samples.csv","1","Stable non-forest","hi","High",
"232","EPSG:4326","7.978625","12.103375","Rasak Adekola","560","0.00551911705767637","1.52161812821948","Kano","Nigeria","points","1.0","1","Stable non-forest","true","2018","11","30","pts_CE_2018-11-29_nigeria_GFC_samples.csv","1","Stable non-forest","hi","High","Agriculture"
"293","EPSG:4326","11.607125","13.082875","Rasak Adekola","337","0.00195561494505525","1.70997955329303","Yobe","Nigeria","points","1.0","1","Stable non-forest","true","2018","11","30","pts_CE_2018-11-29_nigeria_GFC_samples.csv","1","Stable non-forest","hi","High",
"286","EPSG:4326","6.566625","11.800625","Rasak Adekola","500","0.0066276485049511","4.0512158134157","Zamfara","Nigeria","points","1.0","1","Stable non-forest","true","2018","11","30","pts_CE_2018-11-29_nigeria_GFC_samples.csv","1","Stable non-forest","hi","High",
"261","EPSG:4326","8.796875","10.059875","Rasak Adekola","1159","0.0161494688998838","0.345815951976833","Plateau","Nigeria","points","1.0","1","Stable non-forest","true","2018","11","30","pts_CE_2018-11-29_nigeria_GFC_samples.csv","1","Stable non-forest","hi","High",
"98","EPSG:4326","6.519125","11.928125","Rasak Adekola","486","0.00628550339264602","0.381687076036342","Zamfara","Nigeria","points","1.0","1","Stable non-forest","true","2018","11","30","pts_CE_2018-11-29_nigeria_GFC_samples.csv","2","Stable forest","hi","High","Forest Gain"
"11","EPSG:4326","10.570625","9.101375","Rasak Adekola","189","0.00377490462535611","3.67226525249949","Plateau","Nigeria","points","1.0","1","Stable non-forest","true","2018","11","30","pts_CE_2018-11-29_nigeria_GFC_samples.csv","1","Stable non-forest","hi","High",
"242","EPSG:4326","6.690875","9.227375","Rasak Adekola","225","0.00848400596152734","3.86204290888264","Niger","Nigeria","points","1.0","1","Stable non-forest","true","2018","11","30","pts_CE_2018-11-29_nigeria_GFC_samples.csv","1","Stable non-forest","hi","High",
"66","EPSG:4326","9.701125","12.380875","Rasak Adekola","365","4.35529429371114E-4","5.02913115885688","Jigawa","Nigeria","points","1.0","1","Stable non-forest","true","2018","11","30","pts_CE_2018-11-29_nigeria_GFC_samples.csv","1","Stable non-forest","hi","High",
"249","EPSG:4326","12.922625","10.428625","Rasak Adekola","475","0.0048393823681989","5.41305351037674","Adamawa","Nigeria","points","1.0","1","Stable non-forest","true","2018","11","30","pts_CE_2018-11-29_nigeria_GFC_samples.csv","1","Stable non-forest","hi","High",
"278","EPSG:4326","13.510125","12.376875","Rasak Adekola","294","6.92164239052439E-4","0.200652923877165","Borno","Nigeria","points","1.0","1","Stable non-forest","true","2018","11","30","pts_CE_2018-11-29_nigeria_GFC_samples.csv","1","Stable non-forest","hi","High",
"196","EPSG:4326","12.257625","12.926625","Rasak Adekola","321","0.00175029050633767","3.82560239509623","Yobe","Nigeria","points","1.0","1","Stable non-forest","true","2018","11","30","pts_CE_2018-11-29_nigeria_GFC_samples.csv","1","Stable non-forest","hi","High",
"82","EPSG:4326","6.919125","11.992625","Rasak Adekola","530","0.00732654199623745","5.11174800859614","Zamfara","Nigeria","points","1.0","1","Stable non-forest","true","2018","11","30","pts_CE_2018-11-29_nigeria_GFC_samples.csv","1","Stable non-forest","hi","High",
"33","EPSG:4326","4.504625","9.934125","Rasak Adekola","174","0.0108946244931679","1.26732132341454","Niger","Nigeria","points","1.0","1","Stable non-forest","true","2018","11","30","pts_CE_2018-11-29_nigeria_GFC_samples.csv","1","Stable non-forest","hi","High",
"292","EPSG:4326","9.888625","9.367625","Rasak Adekola","362","0.0105915485632525","3.89399400655453","Plateau","Nigeria","points","1.0","1","Stable non-forest","true","2018","11","30","pts_CE_2018-11-29_nigeria_GFC_samples.csv","2","Stable forest","hi","High",
"145","EPSG:4326","10.907875","9.758375","Rasak Adekola","374","0.0195164787882441","2.10297214018507","Bauchi","Nigeria","points","1.0","1","Stable non-forest","true","2018","11","30","pts_CE_2018-11-29_nigeria_GFC_samples.csv","1","Stable non-forest","hi","High",
"274","EPSG:4326","7.938125","11.723625","Rasak Adekola","546","0.00747676102004899","1.92274592421372","Kano","Nigeria","points","1.0","1","Stable non-forest","true","2018","11","30","pts_CE_2018-11-29_nigeria_GFC_samples.csv","1","Stable non-forest","hi","High",
"104","EPSG:4326","6.139125","13.554375","Rasak Adekola","309","0.00426533071359731","0.47231484813125","Sokoto","Nigeria","points","1.0","1","Stable non-forest","true","2018","11","30","pts_CE_2018-11-29_nigeria_GFC_samples.csv","1","Stable non-forest","hi","High",
"83","EPSG:4326","4.128625","12.572375","Rasak Adekola","233","0.00665804356391139","1.79683767262057","Kebbi","Nigeria","points","1.0","1","Stable non-forest","true","2018","11","30","pts_CE_2018-11-29_nigeria_GFC_samples.csv","1","Stable non-forest","hi","High",
"263","EPSG:4326","9.664625","12.050875","Rasak Adekola","375","0.00193357708404327","0.793187461799288","Jigawa","Nigeria","points","1.0","1","Stable non-forest","true","2018","11","30","pts_CE_2018-11-29_nigeria_GFC_samples.csv","1","Stable non-forest","hi","High",
"62","EPSG:4326","11.068375","12.517125","Rasak Adekola","344","0.00135472484625435","5.48911095684293","Yobe","Nigeria","points","1.0","1","Stable non-forest","true","2018","11","30","pts_CE_2018-11-29_nigeria_GFC_samples.csv","1","Stable non-forest","hi","High",
"7","EPSG:4326","12.837125","11.062125","Rasak Adekola","417","0.00589874634070439","0.458096552981549","Borno","Nigeria","points","1.0","1","Stable non-forest","true","2018","11","30","pts_CE_2018-11-29_nigeria_GFC_samples.csv","1","Stable non-forest","hi","High",
"199","EPSG:4326","3.362625","6.459125","Rasak Adekola","3","0.00149835890176987","0.0906290249853288","Lagos","Nigeria","points","1.0","1","Stable non-forest","true","2018","11","30","pts_CE_2018-11-29_nigeria_GFC_samples.csv","1","Stable non-forest","hi","High",
"131","EPSG:4326","5.970125","9.333625","Rasak Adekola","150","0.00498296588792445","4.54831077480015","Niger","Nigeria","points","1.0","1","Stable non-forest","true","2018","11","30","pts_CE_2018-11-29_nigeria_GFC_samples.csv","1","Stable non-forest","hi","High",
"122","EPSG:4326","11.185875","11.280875","Rasak Adekola","366","0.0247459378362752","3.97240374952394","Gombe","Nigeria","points","1.0","1","Stable non-forest","true","2018","11","30","pts_CE_2018-11-29_nigeria_GFC_samples.csv","1","Stable non-forest","hi","High",
"209","EPSG:4326","7.337875","11.866875","Rasak Adekola","573","0.00586450004357208","3.76890686697671","Katsina","Nigeria","points","1.0","1","Stable non-forest","true","2018","11","30","pts_CE_2018-11-29_nigeria_GFC_samples.csv","1","Stable non-forest","hi","High",
"225","EPSG:4326","8.187375","11.222125","Rasak Adekola","647","0.0120308583865444","6.08783219283574","Kaduna","Nigeria","points","1.0","1","Stable non-forest","true","2018","11","30","pts_CE_2018-11-29_nigeria_GFC_samples.csv","1","Stable non-forest","hi","High",
"59","EPSG:4326","8.959875","6.782125","Rasak Adekola","142","0.00674791858057618","5.75642803021493","Cross River","Nigeria","points","1.0","1","Stable non-forest","true","2018","11","30","pts_CE_2018-11-29_nigeria_GFC_samples.csv","1","Stable non-forest","hi","High",
"121","EPSG:4326","9.331125","10.818125","Rasak Adekola","562","0.00444985257116852","0.704192857307727","Bauchi","Nigeria","points","1.0","1","Stable non-forest","true","2018","11","30","pts_CE_2018-11-29_nigeria_GFC_samples.csv","3","Deforestation","hi","High",
"2","EPSG:4326","6.143625","11.312375","Rasak Adekola","466","0.00849999181665324","0.746403081715308","Zamfara","Nigeria","points","1.0","1","Stable non-forest","true","2018","11","30","pts_CE_2018-11-29_nigeria_GFC_samples.csv","2","Stable forest","hi","High",
"25","EPSG:4326","5.212875","11.019875","Rasak Adekola","327","0.0109856730348371","4.73708828009745","Niger","Nigeria","points","1.0","1","Stable non-forest","true","2018","11","30","pts_CE_2018-11-29_nigeria_GFC_samples.csv","1","Stable non-forest","hi","High",
"44","EPSG:4326","7.104625","12.633375","Rasak Adekola","488","0.00445226793376433","2.3472911526709","Katsina","Nigeria","points","1.0","1","Stable non-forest","true","2018","11","30","pts_CE_2018-11-29_nigeria_GFC_samples.csv","2","Stable forest","hi","High",
"142","EPSG:4326","5.016375","11.292125","Rasak Adekola","281","0.0100406657387849","2.34977252420528","Niger","Nigeria","points","1.0","1","Stable non-forest","true","2018","11","30","pts_CE_2018-11-29_nigeria_GFC_samples.csv","2","Stable forest","hi","High",
"215","EPSG:4326","12.098375","10.813625","Rasak Adekola","713","0.0134055579526163","0.6611141253909","Borno","Nigeria","points","1.0","1","Stable non-forest","true","2018","11","30","pts_CE_2018-11-29_nigeria_GFC_samples.csv","1","Stable non-forest","hi","High",
"108","EPSG:4326","6.652125","10.265375","Rasak Adekola","362","0.0153969376760593","1.65901617033682","Niger","Nigeria","points","1.0","1","Stable non-forest","true","2018","11","30","pts_CE_2018-11-29_nigeria_GFC_samples.csv","1","Stable non-forest","hi","High",
"153","EPSG:4326","10.553875","11.038625","Rasak Adekola","448","0.0149700942122229","1.16067837571326","Bauchi","Nigeria","points","1.0","1","Stable non-forest","true","2018","11","30","pts_CE_2018-11-29_nigeria_GFC_samples.csv","1","Stable non-forest","hi","High",
"118","EPSG:4326","10.535625","11.986875","Rasak Adekola","376","0.00117307390986786","5.65566665074227","Bauchi","Nigeria","points","1.0","1","Stable non-forest","true","2018","11","30","pts_CE_2018-11-29_nigeria_GFC_samples.csv","1","Stable non-forest","hi","High",
"110","EPSG:4326","5.435125","13.206875","Rasak Adekola","327","0.0157876620275793","4.67801222625487","Sokoto","Nigeria","points","1.0","1","Stable non-forest","true","2018","11","30","pts_CE_2018-11-29_nigeria_GFC_samples.csv","1","Stable non-forest","hi","High",
"287","EPSG:4326","7.844125","12.851625","Rasak Adekola","506","0.00699818082233122","4.45764569524918","Katsina","Nigeria","points","1.0","1","Stable non-forest","true","2018","11","30","pts_CE_2018-11-29_nigeria_GFC_samples.csv","1","Stable non-forest","hi","High",
"132","EPSG:4326","9.559375","12.538625","Rasak Adekola","366","7.03399735916394E-4","1.37672355259458","Jigawa","Nigeria","points","1.0","1","Stable non-forest","true","2018","11","30","pts_CE_2018-11-29_nigeria_GFC_samples.csv","1","Stable non-forest","hi","High",
"70","EPSG:4326","9.246625","10.359375","Rasak Adekola","756","0.0198316506126573","1.05583043490488","Bauchi","Nigeria","points","1.0","1","Stable non-forest","true","2018","11","30","pts_CE_2018-11-29_nigeria_GFC_samples.csv","1","Stable non-forest","hi","High",
"87","EPSG:4326","11.161375","11.929375","Rasak Adekola","376","0.00196566704583824","0.594999232740253","Yobe","Nigeria","points","1.0","1","Stable non-forest","true","2018","11","30","pts_CE_2018-11-29_nigeria_GFC_samples.csv","1","Stable non-forest","hi","High",
"179","EPSG:4326","4.788625","6.372875","Rasak Adekola","8","9.58978292412016E-4","2.35645562759583","Ondo","Nigeria","points","1.0","1","Stable non-forest","true","2018","11","30","pts_CE_2018-11-29_nigeria_GFC_samples.csv","1","Stable non-forest","hi","High",
"148","EPSG:4326","8.024875","11.017875","Rasak Adekola","661","0.00618122026802777","5.46061248554384","Kaduna","Nigeria","points","1.0","1","Stable non-forest","true","2018","11","30","pts_CE_2018-11-29_nigeria_GFC_samples.csv","1","Stable non-forest","hi","High",
"143","EPSG:4326","9.125875","9.913125","Rasak Adekola","1016","0.107416840629488","5.76785445790654","Plateau","Nigeria","points","1.0","1","Stable non-forest","true","2018","11","30","pts_CE_2018-11-29_nigeria_GFC_samples.csv","1","Stable non-forest","hi","High",
"295","EPSG:4326","4.468375","11.189875","Rasak Adekola","148","0.00191894172801666","3.2852457796781","Kebbi","Nigeria","points","1.0","1","Stable non-forest","true","2018","11","30","pts_CE_2018-11-29_nigeria_GFC_samples.csv","1","Stable non-forest","hi","High",
"43","EPSG:4326","4.668875","8.239875","Rasak Adekola","375","0.00671862651267253","5.26506247998917","Kwara","Nigeria","points","1.0","1","Stable non-forest","true","2018","11","30","pts_CE_2018-11-29_nigeria_GFC_samples.csv","2","Stable forest","hi","High","Gain not due to afforestation"
"60","EPSG:4326","4.648125","13.667375","Rasak Adekola","295","8.32056278331383E-4","1.5707963267949","Sokoto","Nigeria","points","1.0","1","Stable non-forest","true","2018","11","30","pts_CE_2018-11-29_nigeria_GFC_samples.csv","1","Stable non-forest","hi","High",
"123","EPSG:4326","6.013875","12.939625","Rasak Adekola","290","0.00234912066751287","3.77085398270282","Sokoto","Nigeria","points","1.0","1","Stable non-forest","true","2018","11","30","pts_CE_2018-11-29_nigeria_GFC_samples.csv","1","Stable non-forest","hi","High",
"181","EPSG:4326","9.200625","11.213375","Rasak Adekola","503","0.00434965885194818","6.21997998273227","Bauchi","Nigeria","points","1.0","1","Stable non-forest","true","2018","11","30","pts_CE_2018-11-29_nigeria_GFC_samples.csv","1","Stable non-forest","hi","High",
"34","EPSG:4326","6.558125","12.665875","Rasak Adekola","382","0.00967504848080036","5.30779684180052","Zamfara","Nigeria","points","1.0","1","Stable non-forest","true","2018","11","30","pts_CE_2018-11-29_nigeria_GFC_samples.csv","1","Stable non-forest","hi","High",
"64","EPSG:4326","8.147125","13.099625","Rasak Adekola","452","0.0138794678638317","3.78266776031634","Katsina","Nigeria","points","1.0","1","Stable non-forest","true","2018","11","30","pts_CE_2018-11-29_nigeria_GFC_samples.csv","1","Stable non-forest","hi","High",
"254","EPSG:4326","9.080875","12.328625","Rasak Adekola","385","9.74981755805123E-4","1.71038557431633","Jigawa","Nigeria","points","1.0","1","Stable non-forest","true","2018","11","30","pts_CE_2018-11-29_nigeria_GFC_samples.csv","1","Stable non-forest","hi","High",
"149","EPSG:4326","6.436625","7.672875","Rasak Adekola","155","0.0221468933514919","2.97506591413157","Kogi","Nigeria","points","1.0","1","Stable non-forest","true","2018","11","30","pts_CE_2018-11-29_nigeria_GFC_samples.csv","2","Stable forest","hi","High",
"208","EPSG:4326","8.424375","5.852875","Rasak Adekola","111","0.0165772980104203","1.76847823087101","Cross River","Nigeria","points","1.0","2","Stable forest","true","2018","11","30","pts_CE_2018-11-29_nigeria_GFC_samples.csv","2","Stable forest","hi","High",
"270","EPSG:4326","7.501375","7.305125","Rasak Adekola","282","0.032546917344056","3.05382676262263","Kogi","Nigeria","points","1.0","2","Stable forest","true","2018","11","30","pts_CE_2018-11-29_nigeria_GFC_samples.csv","1","Stable non-forest","hi","High",
"221","EPSG:4326","5.102375","7.315625","Rasak Adekola","350","0.0109689434309965","2.42553726935174","Ondo","Nigeria","points","1.0","2","Stable forest","true","2018","11","30","pts_CE_2018-11-29_nigeria_GFC_samples.csv","2","Stable forest","hi","High",
"114","EPSG:4326","5.202375","6.491875","Rasak Adekola","83","0.00720123969178752","3.08506480287484","Edo","Nigeria","points","1.0","2","Stable forest","true","2018","11","30","pts_CE_2018-11-29_nigeria_GFC_samples.csv","2","Stable forest","hi","High",
"16","EPSG:4326","2.788875","7.172625","Rasak Adekola","58","0.0","0.0","Ogun","Nigeria","points","1.0","2","Stable forest","true","2018","11","30","pts_CE_2018-11-29_nigeria_GFC_samples.csv","2","Stable forest","hi","High",
"26","EPSG:4326","3.191875","7.911375","Rasak Adekola","237","0.0132889173054624","1.03513702719183","Oyo","Nigeria","points","1.0","2","Stable forest","true","2018","11","30","pts_CE_2018-11-29_nigeria_GFC_samples.csv","1","Stable non-forest","hi","High",
"74","EPSG:4326","8.162375","6.849375","Rasak Adekola","62","0.0070780036989048","1.49405793575171","Benue","Nigeria","points","1.0","2","Stable forest","true","2018","11","30","pts_CE_2018-11-29_nigeria_GFC_samples.csv","1","Stable non-forest","hi","High",
"21","EPSG:4326","11.400625","8.670125","Rasak Adekola","231","0.00852037028529586","0.16066596106556","Taraba","Nigeria","points","1.0","2","Stable forest","true","2018","11","30","pts_CE_2018-11-29_nigeria_GFC_samples.csv","2","Stable forest","hi","High",
"282","EPSG:4326","4.999375","8.675375","Rasak Adekola","203","0.0070162732569185","1.43503891981284","Kwara","Nigeria","points","1.0","2","Stable forest","true","2018","11","30","pts_CE_2018-11-29_nigeria_GFC_samples.csv","2","Stable forest","hi","High",
"299","EPSG:4326","6.741875","4.452375","Rasak Adekola","13","0.00256534529062281","1.89365614624821","Rivers","Nigeria","points","1.0","2","Stable forest","true","2018","11","30","pts_CE_2018-11-29_nigeria_GFC_samples.csv","2","Stable forest","hi","High",
"207","EPSG:4326","7.726375","5.517125","Rasak Adekola","38","0.0072942626834385","2.11850380405475","Akwa Ibom","Nigeria","points","1.0","2","Stable forest","true","2018","11","30","pts_CE_2018-11-29_nigeria_GFC_samples.csv","1","Stable non-forest","hi","High",
"202","EPSG:4326","10.258375","7.020875","Rasak Adekola","408","0.138391769665233","3.74329827843102","Taraba","Nigeria","points","1.0","2","Stable forest","true","2018","11","30","pts_CE_2018-11-29_nigeria_GFC_samples.csv","2","Stable forest","hi","High",
"240","EPSG:4326","7.809875","5.395375","Rasak Adekola","18","0.00461587777472442","3.84272756955703","Akwa Ibom","Nigeria","points","1.0","2","Stable forest","true","2018","12","1","pts_CE_2018-11-29_nigeria_GFC_samples.csv","2","Stable forest","hi","High",
"174","EPSG:4326","7.291625","6.336375","Rasak Adekola","164","0.0358814129284362","5.0797595525254","Enugu","Nigeria","points","1.0","2","Stable forest","true","2018","12","1","pts_CE_2018-11-29_nigeria_GFC_samples.csv","2","Stable forest","hi","High",
"4","EPSG:4326","3.821875","8.432625","Rasak Adekola","325","0.00838083354889166","4.09032966563076","Oyo","Nigeria","points","1.0","2","Stable forest","true","2018","12","3","pts_CE_2018-11-29_nigeria_GFC_samples.csv","2","Stable forest","hi","High","Old Oyo National Park"
"99","EPSG:4326","5.235875","7.373625","Rasak Adekola","363","0.0190392116958164","1.52803296720999","Ondo","Nigeria","points","1.0","2","Stable forest","true","2018","12","3","pts_CE_2018-11-29_nigeria_GFC_samples.csv","1","Stable non-forest","hi","High",
"272","EPSG:4326","4.400625","7.788375","Rasak Adekola","326","0.006917776116034","3.33947888220789","Osun","Nigeria","points","1.0","2","Stable forest","true","2018","12","3","pts_CE_2018-11-29_nigeria_GFC_samples.csv","2","Stable forest","hi","High",
"203","EPSG:4326","7.730125","6.810875","Rasak Adekola","186","0.00937141919419532","2.17067481595676","Enugu","Nigeria","points","1.0","2","Stable forest","true","2018","12","3","pts_CE_2018-11-29_nigeria_GFC_samples.csv","2","Stable forest","hi","High",
"94","EPSG:4326","6.402625","7.108125","Rasak Adekola","255","0.0274274402212526","4.16052747283813","Edo","Nigeria","points","1.0","2","Stable forest","true","2018","12","3","pts_CE_2018-11-29_nigeria_GFC_samples.csv","2","Stable forest","hi","High",
"300","EPSG:4326","2.859875","7.686625","Rasak Adekola","176","0.00530626321261795","3.06464381101381","Ogun","Nigeria","points","1.0","2","Stable forest","true","2018","12","3","pts_CE_2018-11-29_nigeria_GFC_samples.csv","3","Deforestation","hi","High",
"236","EPSG:4326","10.318375","8.822875","Rasak Adekola","132","0.0041951173961217","2.63229169530495","Plateau","Nigeria","points","1.0","2","Stable forest","true","2018","12","4","pts_CE_2018-11-29_nigeria_GFC_samples.csv","2","Stable forest","lo","Low","No image in Google was visibble, so judgement was based on Bing Map and Google Earth Engine"
"255","EPSG:4326","6.701875","4.920125","Rasak Adekola","11","0.00154495099120514","3.80117077173777","Rivers","Nigeria","points","1.0","2","Stable forest","true","2018","12","3","pts_CE_2018-11-29_nigeria_GFC_samples.csv","1","Stable non-forest","hi","High",
"183","EPSG:4326","11.971375","8.292875","Rasak Adekola","1014","0.160218234922344","2.50967631191141","Adamawa","Nigeria","points","1.0","2","Stable forest","true","2018","12","3","pts_CE_2018-11-29_nigeria_GFC_samples.csv","2","Stable forest","hi","High",
"13","EPSG:4326","4.335375","9.062625","Rasak Adekola","293","0.0242373347510081","1.97946091974206","Kwara","Nigeria","points","1.0","2","Stable forest","true","2018","12","3","pts_CE_2018-11-29_nigeria_GFC_samples.csv","1","Stable non-forest","hi","High",
"166","EPSG:4326","5.544625","7.084625","Rasak Adekola","239","0.0240284700515925","2.41166222970423","Ondo","Nigeria","points","1.0","2","Stable forest","true","2018","12","3","pts_CE_2018-11-29_nigeria_GFC_samples.csv","2","Stable forest","hi","High",
"238","EPSG:4326","2.950125","6.792125","Rasak Adekola","57","0.00606831522723908","5.17590308517946","Ogun","Nigeria","points","1.0","2","Stable forest","true","2018","12","3","pts_CE_2018-11-29_nigeria_GFC_samples.csv","1","Stable non-forest","hi","High",
"168","EPSG:4326","5.921125","7.125625","Rasak Adekola","401","0.0223609522199172","1.99602623449063","Edo","Nigeria","points","1.0","2","Stable forest","true","2018","12","3","pts_CE_2018-11-29_nigeria_GFC_samples.csv","1","Stable non-forest","lo","Low",
"280","EPSG:4326","5.981375","4.400375","Rasak Adekola","9","1.91486112149795E-4","2.35807433075879","Bayelsa","Nigeria","points","1.0","2","Stable forest","true","2018","12","3","pts_CE_2018-11-29_nigeria_GFC_samples.csv","2","Stable forest","hi","High",
"163","EPSG:4326","7.519125","6.578875","Rasak Adekola","225","0.0110698857585183","0.941947905507298","Enugu","Nigeria","points","1.0","2","Stable forest","true","2018","12","3","pts_CE_2018-11-29_nigeria_GFC_samples.csv","2","Stable forest","hi","High",
"45","EPSG:4326","11.329625","9.056875","Rasak Adekola","221","0.0111294911782431","4.51610991342429","Taraba","Nigeria","points","1.0","2","Stable forest","true","2018","12","3","pts_CE_2018-11-29_nigeria_GFC_samples.csv","2","Stable forest","hi","High","Forest gain"
"140","EPSG:4326","3.919125","6.466875","Rasak Adekola","13","0.00154667489699475","0.266169341919377","Lagos","Nigeria","points","1.0","2","Stable forest","true","2018","12","3","pts_CE_2018-11-29_nigeria_GFC_samples.csv","2","Stable forest","hi","High",
"213","EPSG:4326","11.232125","6.909875","Rasak Adekola","1544","0.00134330880115074","0.785687438814759","Taraba","Nigeria","points","1.0","2","Stable forest","true","2018","12","3","pts_CE_2018-11-29_nigeria_GFC_samples.csv","2","Stable forest","lo","Low",
"41","EPSG:4326","5.858625","7.512125","Rasak Adekola","320","0.00904493759913563","2.65702921984295","Ondo","Nigeria","points","1.0","2","Stable forest","true","2018","12","3","pts_CE_2018-11-29_nigeria_GFC_samples.csv","2","Stable forest","hi","High",
"38","EPSG:4326","5.970375","5.921875","Rasak Adekola","57","0.00506800880324561","3.41218693567556","Edo","Nigeria","points","1.0","2","Stable forest","true","2018","12","3","pts_CE_2018-11-29_nigeria_GFC_samples.csv","2","Stable forest","hi","High",
"136","EPSG:4326","6.768375","6.444125","Rasak Adekola","24","4.28835259898315E-4","4.39052583274182","Anambra","Nigeria","points","1.0","2","Stable forest","true","2018","12","3","pts_CE_2018-11-29_nigeria_GFC_samples.csv","2","Stable forest","hi","High",
"112","EPSG:4326","8.317875","5.862875","Rasak Adekola","84","0.00879898017772868","3.63909135236668","Cross River","Nigeria","points","1.0","2","Stable forest","true","2018","12","3","pts_CE_2018-11-29_nigeria_GFC_samples.csv","2","Stable forest","hi","High",
"220","EPSG:4326","6.418625","4.766125","Rasak Adekola","18","0.00181882590008713","5.82083975419852","Bayelsa","Nigeria","points","1.0","2","Stable forest","true","2018","12","3","pts_CE_2018-11-29_nigeria_GFC_samples.csv","2","Stable forest","hi","High",
"170","EPSG:4326","8.321125","6.077125","Rasak Adekola","51","0.0352364507381437","5.40568641578172","Cross River","Nigeria","points","1.0","2","Stable forest","true","2018","12","3","pts_CE_2018-11-29_nigeria_GFC_samples.csv","1","Stable non-forest","hi","High",
"14","EPSG:4326","6.119375","6.657875","Rasak Adekola","280","0.0191845899048856","2.99968968496484","Edo","Nigeria","points","1.0","2","Stable forest","true","2018","12","3","pts_CE_2018-11-29_nigeria_GFC_samples.csv","2","Stable forest","hi","High",
"5","EPSG:4326","6.971375","4.549875","Rasak Adekola","389","0.217923488216415","3.85661033827967","Rivers","Nigeria","points","1.0","2","Stable forest","true","2018","12","3","pts_CE_2018-11-29_nigeria_GFC_samples.csv","2","Stable forest","hi","High",
"50","EPSG:4326","5.131375","7.069375","Rasak Adekola","393","0.0462668955273973","1.81058108396401","Ondo","Nigeria","points","1.0","2","Stable forest","true","2018","12","3","pts_CE_2018-11-29_nigeria_GFC_samples.csv","2","Stable forest","hi","High",
"144","EPSG:4326","8.062375","5.393875","Rasak Adekola","42","0.01060543384704","5.71748641693942","Cross River","Nigeria","points","1.0","2","Stable forest","true","2018","12","3","pts_CE_2018-11-29_nigeria_GFC_samples.csv","2","Stable forest","hi","High",
"20","EPSG:4326","6.148375","6.157375","Rasak Adekola","146","0.0214564034249348","4.77565492314513","Delta","Nigeria","points","1.0","2","Stable forest","true","2018","12","3","pts_CE_2018-11-29_nigeria_GFC_samples.csv","2","Stable forest","lo","Low",
"119","EPSG:4326","3.900375","8.799875","Rasak Adekola","439","0.00862454315596507","2.91840961027422","Oyo","Nigeria","points","1.0","2","Stable forest","true","2018","12","3","pts_CE_2018-11-29_nigeria_GFC_samples.csv","2","Stable forest","hi","High",
"137","EPSG:4326","5.913875","7.943125","Rasak Adekola","416","0.0195271801526097","1.24552886163031","Kogi","Nigeria","points","1.0","2","Stable forest","true","2018","12","3","pts_CE_2018-11-29_nigeria_GFC_samples.csv","2","Stable forest","hi","High",
"298","EPSG:4326","7.475875","9.327875","Rasak Adekola","697","0.0138157204429651","6.15433816455725","Kaduna","Nigeria","points","1.0","2","Stable forest","true","2018","12","3","pts_CE_2018-11-29_nigeria_GFC_samples.csv","2","Stable forest","hi","High",
"158","EPSG:4326","4.496875","6.840125","Rasak Adekola","75","0.00854736902624044","3.15747101446687","Ogun","Nigeria","points","1.0","2","Stable forest","true","2018","12","3","pts_CE_2018-11-29_nigeria_GFC_samples.csv","2","Stable forest","hi","High",
"226","EPSG:4326","4.599625","6.470375","Rasak Adekola","10","0.00217048674476723","3.14159265358979","Ondo","Nigeria","points","1.0","2","Stable forest","true","2018","12","3","pts_CE_2018-11-29_nigeria_GFC_samples.csv","2","Stable forest","hi","High",
"30","EPSG:4326","6.999375","4.997375","Rasak Adekola","30","0.00191834601025379","3.00010252632032","Rivers","Nigeria","points","1.0","2","Stable forest","true","2018","12","3","pts_CE_2018-11-29_nigeria_GFC_samples.csv","2","Stable forest","hi","High",
"186","EPSG:4326","6.561375","6.804375","Rasak Adekola","35","9.59235423570665E-4","6.14123908509473","Edo","Nigeria","points","1.0","2","Stable forest","true","2018","12","3","pts_CE_2018-11-29_nigeria_GFC_samples.csv","2","Stable forest","hi","High",
"185","EPSG:4326","5.834875","6.327125","Rasak Adekola","92","0.0146672521275254","2.15907736407666","Edo","Nigeria","points","1.0","2","Stable forest","true","2018","12","3","pts_CE_2018-11-29_nigeria_GFC_samples.csv","1","Stable non-forest","hi","High","farmland"
"54","EPSG:4326","5.972875","7.661875","Rasak Adekola","362","0.0155173669314051","1.3772627603086","Kogi","Nigeria","points","1.0","2","Stable forest","true","2018","12","3","pts_CE_2018-11-29_nigeria_GFC_samples.csv","1","Stable non-forest","hi","High",
"3","EPSG:4326","5.062375","6.840875","Rasak Adekola","165","0.00972912029182533","1.16971876997721","Ondo","Nigeria","points","1.0","2","Stable forest","true","2018","12","3","pts_CE_2018-11-29_nigeria_GFC_samples.csv","2","Stable forest","hi","High",
"241","EPSG:4326","6.585375","8.409375","Rasak Adekola","53","5.76720978566147E-4","5.49573666157946","Niger","Nigeria","points","1.0","2","Stable forest","true","2018","12","3","pts_CE_2018-11-29_nigeria_GFC_samples.csv","2","Stable forest","hi","High",
"190","EPSG:4326","8.249625","7.097625","Rasak Adekola","89","0.00257413098145762","3.46363482223781","Benue","Nigeria","points","1.0","2","Stable forest","true","2018","12","3","pts_CE_2018-11-29_nigeria_GFC_samples.csv","2","Stable forest","hi","High",
"106","EPSG:4326","6.068625","7.832125","Rasak Adekola","458","0.0126901838154669","3.88288633556976","Kogi","Nigeria","points","1.0","2","Stable forest","true","2018","12","3","pts_CE_2018-11-29_nigeria_GFC_samples.csv","2","Stable forest","hi","High",
"204","EPSG:4326","6.660125","4.586375","Rasak Adekola","5","0.00108144290398538","4.71238898038469","Bayelsa","Nigeria","points","1.0","2","Stable forest","true","2018","12","3","pts_CE_2018-11-29_nigeria_GFC_samples.csv","2","Stable forest","hi","High","Mixture of nypa palm"
"246","EPSG:4326","3.473625","9.646875","Rasak Adekola","350","0.0133975975945437","1.28334409270732","Kwara","Nigeria","points","1.0","2","Stable forest","true","2018","12","3","pts_CE_2018-11-29_nigeria_GFC_samples.csv","2","Stable forest","hi","High",
"175","EPSG:4326","7.524125","7.447875","Rasak Adekola","312","0.00571214986445464","5.15408613742321","Kogi","Nigeria","points","1.0","2","Stable forest","true","2018","12","3","pts_CE_2018-11-29_nigeria_GFC_samples.csv","1","Stable non-forest","hi","High","More of palms"
"171","EPSG:4326","6.068125","8.809125","Rasak Adekola","56","2.71310843095904E-4","6.43929354282591E-15","Niger","Nigeria","points","1.0","2","Stable forest","true","2018","12","3","pts_CE_2018-11-29_nigeria_GFC_samples.csv","2","Stable forest","hi","High",
"146","EPSG:4326","5.852875","4.571125","Rasak Adekola","7","0.00128285803822848","5.03520045019991","Bayelsa","Nigeria","points","1.0","2","Stable forest","true","2018","12","3","pts_CE_2018-11-29_nigeria_GFC_samples.csv","2","Stable forest","hi","High",
"256","EPSG:4326","6.128375","4.568375","Rasak Adekola","7","5.42621686191808E-4","3.14159265358979","Bayelsa","Nigeria","points","1.0","2","Stable forest","true","2018","12","3","pts_CE_2018-11-29_nigeria_GFC_samples.csv","2","Stable forest","hi","High",
"291","EPSG:4326","11.243875","7.110875","Rasak Adekola","1104","0.102791923508677","5.90429345910624","Taraba","Nigeria","points","1.0","2","Stable forest","true","2018","12","3","pts_CE_2018-11-29_nigeria_GFC_samples.csv","2","Stable forest","hi","High",
"275","EPSG:4326","2.922875","7.418125","Rasak Adekola","202","0.0273117577522112","2.48932239641537","Ogun","Nigeria","points","1.0","2","Stable forest","true","2018","12","3","pts_CE_2018-11-29_nigeria_GFC_samples.csv","2","Stable forest","hi","High",
"281","EPSG:4326","5.384125","7.918625","Rasak Adekola","514","0.00631078966223766","1.44146130028693","Ekiti","Nigeria","points","1.0","2","Stable forest","true","2018","12","4","pts_CE_2018-11-29_nigeria_GFC_samples.csv","2","Stable forest","hi","High",
"109","EPSG:4326","3.938875","10.795875","Rasak Adekola","330","0.0119148440871987","5.34597861487404","Niger","Nigeria","points","1.0","3","Deforestation","true","2018","12","3","pts_CE_2018-11-29_nigeria_GFC_samples.csv","3","Deforestation","hi","High","Deforestation due to comercial frming"
"135","EPSG:4326","5.233625","10.149125","Rasak Adekola","291","0.0202348440042983","1.76645988283067","Niger","Nigeria","points","1.0","3","Deforestation","true","2018","12","3","pts_CE_2018-11-29_nigeria_GFC_samples.csv","3","Deforestation","hi","High",
"46","EPSG:4326","5.307625","9.922375","Rasak Adekola","259","0.00503738049943022","3.81618298179526","Niger","Nigeria","points","1.0","3","Deforestation","true","2018","12","3","pts_CE_2018-11-29_nigeria_GFC_samples.csv","2","Stable forest","hi","High",
"194","EPSG:4326","5.475875","9.825875","Rasak Adekola","205","0.0168522885343433","4.39305185331478","Niger","Nigeria","points","1.0","3","Deforestation","true","2018","12","3","pts_CE_2018-11-29_nigeria_GFC_samples.csv","1","Stable non-forest","hi","High",
"217","EPSG:4326","5.029875","9.704625","Rasak Adekola","219","0.0084737828136647","2.1463513916208","Niger","Nigeria","points","1.0","3","Deforestation","true","2018","12","4","pts_CE_2018-11-29_nigeria_GFC_samples.csv","1","Stable non-forest","lo","Low","No image"
"39","EPSG:4326","4.874875","8.017375","Rasak Adekola","508","0.012354777748523","4.84453319346224","Osun","Nigeria","points","1.0","2","Stable forest","true","2018","12","3","pts_CE_2018-11-29_nigeria_GFC_samples.csv","1","Stable non-forest","hi","High",
"237","EPSG:4326","6.250875","5.074875","Rasak Adekola","20","0.00128370754235686","1.89338643834827","Bayelsa","Nigeria","points","1.0","2","Stable forest","true","2018","12","4","pts_CE_2018-11-29_nigeria_GFC_samples.csv","2","Stable forest","hi","High",
"117","EPSG:4326","5.380375","8.131875","Rasak Adekola","385","0.00406966264643856","3.1415926535898","Kwara","Nigeria","points","1.0","2","Stable forest","true","2018","12","3","pts_CE_2018-11-29_nigeria_GFC_samples.csv","2","Stable forest","hi","High",
"116","EPSG:4326","8.081125","9.741875","Rasak Adekola","755","0.0163736605613614","3.94266344322137","Kaduna","Nigeria","points","1.0","2","Stable forest","true","2018","12","3","pts_CE_2018-11-29_nigeria_GFC_samples.csv","2","Stable forest","hi","High",
"156","EPSG:4326","4.987875","9.647625","Rasak Adekola","224","0.00464061750499386","2.2693466311772","Niger","Nigeria","points","1.0","3","Deforestation","true","2018","12","3","pts_CE_2018-11-29_nigeria_GFC_samples.csv","1","Stable non-forest","hi","High",
"276","EPSG:4326","4.640125","9.631125","Rasak Adekola","198","0.0243510554708961","5.18053960624941","Niger","Nigeria","points","1.0","3","Deforestation","true","2018","12","3","pts_CE_2018-11-29_nigeria_GFC_samples.csv","1","Stable non-forest","hi","High",
"259","EPSG:4326","5.416375","9.608625","Rasak Adekola","227","0.00833009662752038","3.2566907738539","Niger","Nigeria","points","1.0","3","Deforestation","true","2018","12","3","pts_CE_2018-11-29_nigeria_GFC_samples.csv","1","Stable non-forest","hi","High",
"28","EPSG:4326","3.318625","9.603375","Rasak Adekola","393","0.00702654355426373","1.15334834949017","Kwara","Nigeria","points","1.0","3","Deforestation","true","2018","12","3","pts_CE_2018-11-29_nigeria_GFC_samples.csv","2","Stable forest","hi","High",
"78","EPSG:4326","5.355375","9.599625","Rasak Adekola","200","0.00616312457112432","4.77846951955524","Niger","Nigeria","points","1.0","3","Deforestation","true","2018","12","3","pts_CE_2018-11-29_nigeria_GFC_samples.csv","1","Stable non-forest","hi","High",
"129","EPSG:4326","5.407375","9.571875","Rasak Adekola","223","0.00378250210739862","5.91355893834706","Niger","Nigeria","points","1.0","3","Deforestation","true","2018","12","3","pts_CE_2018-11-29_nigeria_GFC_samples.csv","1","Stable non-forest","hi","High",
"27","EPSG:4326","4.395375","9.521125","Rasak Adekola","237","0.0153226716983004","1.37477187526475","Kwara","Nigeria","points","1.0","3","Deforestation","true","2018","12","3","pts_CE_2018-11-29_nigeria_GFC_samples.csv","2","Stable forest","hi","High",
"101","EPSG:4326","5.114875","9.513375","Rasak Adekola","165","0.0125071922183719","0.0655897660870439","Niger","Nigeria","points","1.0","3","Deforestation","false","2018","12","3","pts_CE_2018-11-29_nigeria_GFC_samples.csv",,,,,
"277","EPSG:4326","5.573125","9.480375","Rasak Adekola","138","0.00452485301935742","3.71613329353749","Niger","Nigeria","points","1.0","3","Deforestation","true","2018","12","3","pts_CE_2018-11-29_nigeria_GFC_samples.csv","3","Deforestation","hi","High",
"160","EPSG:4326","5.452375","9.454625","Rasak Adekola","213","0.00231954328110284","4.01356149737027","Niger","Nigeria","points","1.0","3","Deforestation","true","2018","12","4","pts_CE_2018-11-29_nigeria_GFC_samples.csv","2","Stable forest","hi","High","Scattered trees but within threshold"
"100","EPSG:4326","4.836625","9.453875","Rasak Adekola","217","0.00328222763803587","1.27728826956936","Niger","Nigeria","points","1.0","3","Deforestation","true","2018","12","4","pts_CE_2018-11-29_nigeria_GFC_samples.csv","2","Stable forest","lo","Low","Image visible only in Bing Map"
"31","EPSG:4326","5.423125","9.439625","Rasak Adekola","207","0.00522671217941132","3.63135500895488","Niger","Nigeria","points","1.0","3","Deforestation","true","2018","12","3","pts_CE_2018-11-29_nigeria_GFC_samples.csv","1","Stable non-forest","hi","High",
"35","EPSG:4326","5.427875","9.426125","Rasak Adekola","214","0.00874348839959391","5.11071457654858","Niger","Nigeria","points","1.0","3","Deforestation","true","2018","12","3","pts_CE_2018-11-29_nigeria_GFC_samples.csv","1","Stable non-forest","hi","High",
"187","EPSG:4326","4.719875","9.425625","Rasak Adekola","240","0.0131193885159456","3.85700131243036","Niger","Nigeria","points","1.0","3","Deforestation","true","2018","12","3","pts_CE_2018-11-29_nigeria_GFC_samples.csv","1","Stable non-forest","hi","High",
"235","EPSG:4326","4.770875","9.421125","Rasak Adekola","188","0.0216938399659364","3.03435121720546","Niger","Nigeria","points","1.0","3","Deforestation","true","2018","12","3","pts_CE_2018-11-29_nigeria_GFC_samples.csv","1","Stable non-forest","hi","High",
"76","EPSG:4326","5.538125","9.411375","Rasak Adekola","202","0.0109821703007398","5.45930403467341","Niger","Nigeria","points","1.0","3","Deforestation","true","2018","12","3","pts_CE_2018-11-29_nigeria_GFC_samples.csv","1","Stable non-forest","hi","High",
"178","EPSG:4326","3.453875","9.295625","Rasak Adekola","370","0.0132440158905462","3.25524267607988","Kwara","Nigeria","points","1.0","3","Deforestation","true","2018","12","3","pts_CE_2018-11-29_nigeria_GFC_samples.csv","1","Stable non-forest","hi","High",
"257","EPSG:4326","3.356375","9.290125","Rasak Adekola","366","0.00990727601214841","3.37807627326881","Kwara","Nigeria","points","1.0","3","Deforestation","true","2018","12","4","pts_CE_2018-11-29_nigeria_GFC_samples.csv","1","Stable non-forest","hi","High",
"245","EPSG:4326","4.121625","9.239375","Rasak Adekola","311","0.0196612144218564","0.631303969900836","Kwara","Nigeria","points","1.0","3","Deforestation","true","2018","12","3","pts_CE_2018-11-29_nigeria_GFC_samples.csv","1","Stable non-forest","hi","High",
"266","EPSG:4326","3.396625","9.225875","Rasak Adekola","340","0.00945177316726658","3.41958135420212","Kwara","Nigeria","points","1.0","3","Deforestation","true","2018","12","3","pts_CE_2018-11-29_nigeria_GFC_samples.csv","2","Stable forest","hi","High",
"126","EPSG:4326","3.378375","9.171125","Rasak Adekola","378","0.0266396080712993","1.82298089696461","Kwara","Nigeria","points","1.0","3","Deforestation","true","2018","12","3","pts_CE_2018-11-29_nigeria_GFC_samples.csv","3","Deforestation","hi","High",
"80","EPSG:4326","5.613125","9.153375","Rasak Adekola","251","0.02023768570476","5.25472641679753","Niger","Nigeria","points","1.0","3","Deforestation","true","2018","12","3","pts_CE_2018-11-29_nigeria_GFC_samples.csv","2","Stable forest","hi","High",
"130","EPSG:4326","6.438625","9.129875","Rasak Adekola","130","0.00395525525859047","3.24529336300072","Niger","Nigeria","points","1.0","3","Deforestation","true","2018","12","3","pts_CE_2018-11-29_nigeria_GFC_samples.csv","1","Stable non-forest","hi","High",
"205","EPSG:4326","6.822125","9.089375","Rasak Adekola","316","0.100858815902202","1.9180171333301","Federal Capital Territory","Nigeria","points","1.0","3","Deforestation","true","2018","12","3","pts_CE_2018-11-29_nigeria_GFC_samples.csv","3","Deforestation","hi","High",
"262","EPSG:4326","7.011125","9.083625","Rasak Adekola","199","0.00841644817361144","4.2799734150169","Federal Capital Territory","Nigeria","points","1.0","3","Deforestation","true","2018","12","4","pts_CE_2018-11-29_nigeria_GFC_samples.csv","3","Deforestation","hi","High",
"228","EPSG:4326","3.513375","9.001125","Rasak Adekola","399","0.00921551335461961","2.90245227749147","Kwara","Nigeria","points","1.0","3","Deforestation","true","2018","12","4","pts_CE_2018-11-29_nigeria_GFC_samples.csv","1","Stable non-forest","hi","High",
"192","EPSG:4326","3.389375","8.963375","Rasak Adekola","454","0.00759461838984491","5.07770118635627","Kwara","Nigeria","points","1.0","3","Deforestation","true","2018","12","4","pts_CE_2018-11-29_nigeria_GFC_samples.csv","1","Stable non-forest","hi","High",
"124","EPSG:4326","7.347125","8.932875","Rasak Adekola","362","0.00298441927405494","4.66293670342566E-15","Federal Capital Territory","Nigeria","points","1.0","3","Deforestation","true","2018","12","4","pts_CE_2018-11-29_nigeria_GFC_samples.csv","3","Deforestation","hi","High","Although still with some forest cover"
"68","EPSG:4326","7.491625","8.805375","Rasak Adekola","608","0.0898579350352701","5.67600140173744","Federal Capital Territory","Nigeria","points","1.0","3","Deforestation","true","2018","12","4","pts_CE_2018-11-29_nigeria_GFC_samples.csv","3","Deforestation","hi","High","Although still with some forest cover"
"23","EPSG:4326","8.526375","8.791625","Rasak Adekola","284","0.0258890785157072","5.89994294413722","Nassarawa","Nigeria","points","1.0","3","Deforestation","true","2018","12","3","pts_CE_2018-11-29_nigeria_GFC_samples.csv","3","Deforestation","hi","High",
"151","EPSG:4326","5.559625","8.788125","Rasak Adekola","133","0.0110563986511368","6.17196794823903","Kwara","Nigeria","points","1.0","3","Deforestation","true","2018","12","4","pts_CE_2018-11-29_nigeria_GFC_samples.csv","1","Stable non-forest","hi","High",
"40","EPSG:4326","6.765375","8.783625","Rasak Adekola","169","0.017213964171229","2.2529208957851","Federal Capital Territory","Nigeria","points","1.0","3","Deforestation","true","2018","12","3","pts_CE_2018-11-29_nigeria_GFC_samples.csv","1","Stable non-forest","hi","High",
"79","EPSG:4326","6.028875","8.782375","Rasak Adekola","62","0.00165847896682795","1.40646757534638","Niger","Nigeria","points","1.0","3","Deforestation","true","2018","12","3","pts_CE_2018-11-29_nigeria_GFC_samples.csv","1","Stable non-forest","hi","High",
"273","EPSG:4326","5.442625","8.779375","Rasak Adekola","165","0.023442098875836","5.81231035241563","Kwara","Nigeria","points","1.0","3","Deforestation","true","2018","12","3","pts_CE_2018-11-29_nigeria_GFC_samples.csv","3","Deforestation","hi","High",
"67","EPSG:4326","4.544375","8.731125","Rasak Adekola","261","0.0107820711569583","1.85125311514097","Kwara","Nigeria","points","1.0","3","Deforestation","true","2018","12","3","pts_CE_2018-11-29_nigeria_GFC_samples.csv","2","Stable forest","hi","High",
"162","EPSG:4326","3.060625","8.708375","Rasak Adekola","328","0.0129055588352704","0.531723785893232","Kwara","Nigeria","points","1.0","3","Deforestation","true","2018","12","4","pts_CE_2018-11-29_nigeria_GFC_samples.csv","1","Stable non-forest","hi","High",
"105","EPSG:4326","3.053125","8.705125","Rasak Adekola","361","0.0146180883976735","0.800987822896669","Kwara","Nigeria","points","1.0","3","Deforestation","true","2018","12","3","pts_CE_2018-11-29_nigeria_GFC_samples.csv","1","Stable non-forest","hi","High",
"297","EPSG:4326","3.733125","8.647875","Rasak Adekola","359","0.018762682395552","5.60840956163768","Oyo","Nigeria","points","1.0","3","Deforestation","true","2018","12","4","pts_CE_2018-11-29_nigeria_GFC_samples.csv","1","Stable non-forest","hi","High",
"8","EPSG:4326","2.885375","8.517125","Rasak Adekola","325","0.0125820032952651","1.48443539386308","Oyo","Nigeria","points","1.0","3","Deforestation","true","2018","12","3","pts_CE_2018-11-29_nigeria_GFC_samples.csv","1","Stable non-forest","hi","High",
"48","EPSG:4326","4.782125","8.497625","Rasak Adekola","348","0.0211371876758136","2.00111519775044","Kwara","Nigeria","points","1.0","3","Deforestation","true","2018","12","3","pts_CE_2018-11-29_nigeria_GFC_samples.csv","2","Stable forest","hi","High",
"90","EPSG:4326","7.499375","8.249125","Rasak Adekola","214","0.0190801610573932","3.99939920183124","Nassarawa","Nigeria","points","1.0","3","Deforestation","true","2018","12","4","pts_CE_2018-11-29_nigeria_GFC_samples.csv","3","Deforestation","hi","High",
"189","EPSG:4326","7.510375","8.241875","Rasak Adekola","224","0.0179603215810465","1.8149116607232","Nassarawa","Nigeria","points","1.0","3","Deforestation","true","2018","12","3","pts_CE_2018-11-29_nigeria_GFC_samples.csv","3","Deforestation","hi","High",
"193","EPSG:4326","7.326625","8.166875","Rasak Adekola","55","7.68724105883924E-4","5.49604400757879","Nassarawa","Nigeria","points","1.0","3","Deforestation","true","2018","12","3","pts_CE_2018-11-29_nigeria_GFC_samples.csv","3","Deforestation","hi","High",
"216","EPSG:4326","11.079375","8.057375","Rasak Adekola","201","0.00378455338874033","3.39604424818587","Taraba","Nigeria","points","1.0","3","Deforestation","true","2018","12","3","pts_CE_2018-11-29_nigeria_GFC_samples.csv","1","Stable non-forest","hi","High",
"229","EPSG:4326","12.142125","8.051875","Rasak Adekola","489","0.0180762778446272","0.744463080162889","Adamawa","Nigeria","points","1.0","3","Deforestation","true","2018","12","3","pts_CE_2018-11-29_nigeria_GFC_samples.csv","3","Deforestation","hi","High",
"244","EPSG:4326","5.861125","8.009625","Rasak Adekola","328","0.0137164170447487","1.17481890479488","Kogi","Nigeria","points","1.0","3","Deforestation","true","2018","12","3","pts_CE_2018-11-29_nigeria_GFC_samples.csv","3","Deforestation","hi","High",
"49","EPSG:4326","4.889125","8.006375","Rasak Adekola","505","0.007927909853764","1.03173155013305","Osun","Nigeria","points","1.0","3","Deforestation","true","2018","12","3","pts_CE_2018-11-29_nigeria_GFC_samples.csv","1","Stable non-forest","hi","High",
"61","EPSG:4326","11.078625","7.928125","Rasak Adekola","245","0.00298041272080538","5.75713561474084","Taraba","Nigeria","points","1.0","3","Deforestation","true","2018","12","3","pts_CE_2018-11-29_nigeria_GFC_samples.csv","1","Stable non-forest","hi","High",
"85","EPSG:4326","6.500125","7.858625","Rasak Adekola","156","0.0154086662230272","2.42970514111163","Kogi","Nigeria","points","1.0","3","Deforestation","true","2018","12","3","pts_CE_2018-11-29_nigeria_GFC_samples.csv","3","Deforestation","hi","High",
"138","EPSG:4326","11.422625","7.826625","Rasak Adekola","273","0.0320808107206945","0.780734236840176","Taraba","Nigeria","points","1.0","3","Deforestation","true","2018","12","4","pts_CE_2018-11-29_nigeria_GFC_samples.csv","2","Stable forest","hi","High",
"197","EPSG:4326","6.847875","7.795375","Rasak Adekola","46","0.00641196663607365","0.106254871700388","Kogi","Nigeria","points","1.0","3","Deforestation","true","2018","12","3","pts_CE_2018-11-29_nigeria_GFC_samples.csv","2","Stable forest","hi","High",
"223","EPSG:4326","2.833875","7.761875","Rasak Adekola","179","0.00494127660644408","2.11954123839089","Ogun","Nigeria","points","1.0","3","Deforestation","true","2018","12","3","pts_CE_2018-11-29_nigeria_GFC_samples.csv","3","Deforestation","hi","High",
"201","EPSG:4326","10.843875","7.615375","Rasak Adekola","651","0.0175040674518442","4.26346489652902","Taraba","Nigeria","points","1.0","3","Deforestation","true","2018","12","4","pts_CE_2018-11-29_nigeria_GFC_samples.csv","2","Stable forest","hi","High",
"141","EPSG:4326","10.284125","7.587375","Rasak Adekola","185","0.0103454909160804","4.76486312511061","Taraba","Nigeria","points","1.0","3","Deforestation","true","2018","12","3","pts_CE_2018-11-29_nigeria_GFC_samples.csv","3","Deforestation","hi","High",
"260","EPSG:4326","4.331125","7.470125","Rasak Adekola","248","0.0113680249630144","2.43984691912477","Osun","Nigeria","points","1.0","3","Deforestation","true","2018","12","3","pts_CE_2018-11-29_nigeria_GFC_samples.csv","3","Deforestation","hi","High",
"159","EPSG:4326","10.056875","7.332125","Rasak Adekola","254","0.00581175937512495","5.3645182053317","Taraba","Nigeria","points","1.0","3","Deforestation","true","2018","12","4","pts_CE_2018-11-29_nigeria_GFC_samples.csv","1","Stable non-forest","hi","High",
"150","EPSG:4326","10.384875","7.239375","Rasak Adekola","216","0.0102644159605765","5.36585251527221","Taraba","Nigeria","points","1.0","3","Deforestation","true","2018","12","3","pts_CE_2018-11-29_nigeria_GFC_samples.csv","1","Stable non-forest","hi","High",
"96","EPSG:4326","9.664125","7.111125","Rasak Adekola","174","0.0125376465923032","5.29692465839739","Benue","Nigeria","points","1.0","3","Deforestation","true","2018","12","3","pts_CE_2018-11-29_nigeria_GFC_samples.csv","1","Stable non-forest","hi","High",
"18","EPSG:4326","5.382125","7.018375","Rasak Adekola","246","0.00423941792652837","2.44645618826971","Ondo","Nigeria","points","1.0","3","Deforestation","true","2018","12","3","pts_CE_2018-11-29_nigeria_GFC_samples.csv","2","Stable forest","hi","High",
"173","EPSG:4326","4.545375","6.936125","Rasak Adekola","116","0.0150675355281448","1.38058507205677","Ogun","Nigeria","points","1.0","3","Deforestation","true","2018","12","3","pts_CE_2018-11-29_nigeria_GFC_samples.csv","2","Stable forest","hi","High",
"10","EPSG:4326","4.328875","6.889125","Rasak Adekola","80","0.0043133539769915","4.49042000959202","Ogun","Nigeria","points","1.0","3","Deforestation","true","2018","12","3","pts_CE_2018-11-29_nigeria_GFC_samples.csv","2","Stable forest","hi","High",
"103","EPSG:4326","5.563875","6.852125","Rasak Adekola","98","0.0152817165790847","1.91487029197037","Ondo","Nigeria","points","1.0","3","Deforestation","true","2018","12","3","pts_CE_2018-11-29_nigeria_GFC_samples.csv","2","Stable forest","hi","High",
"88","EPSG:4326","5.799375","6.740875","Rasak Adekola","101","0.0242647255983845","6.07478216446902","Edo","Nigeria","points","1.0","3","Deforestation","true","2018","12","4","pts_CE_2018-11-29_nigeria_GFC_samples.csv","1","Stable non-forest","hi","High",
"195","EPSG:4326","3.502625","6.720125","Rasak Adekola","61","0.00380803260280299","3.21291281691985","Ogun","Nigeria","points","1.0","3","Deforestation","true","2018","12","3","pts_CE_2018-11-29_nigeria_GFC_samples.csv","3","Deforestation","hi","High",
"77","EPSG:4326","5.627875","6.699125","Rasak Adekola","75","0.00837574429413547","5.84846644876179","Edo","Nigeria","points","1.0","3","Deforestation","true","2018","12","3","pts_CE_2018-11-29_nigeria_GFC_samples.csv","1","Stable non-forest","hi","High",
"161","EPSG:4326","5.909375","6.696375","Rasak Adekola","153","0.0219904924492022","4.43751240922437","Edo","Nigeria","points","1.0","3","Deforestation","true","2018","12","3","pts_CE_2018-11-29_nigeria_GFC_samples.csv","2","Stable forest","hi","High",
"134","EPSG:4326","6.449875","6.674625","Rasak Adekola","175","0.0386849996980621","6.0747706359788","Edo","Nigeria","points","1.0","3","Deforestation","true","2018","12","3","pts_CE_2018-11-29_nigeria_GFC_samples.csv","2","Stable forest","hi","High",
"15","EPSG:4326","6.195625","6.669875","Rasak Adekola","357","0.0159590964818956","3.45261314020896","Edo","Nigeria","points","1.0","3","Deforestation","true","2018","12","3","pts_CE_2018-11-29_nigeria_GFC_samples.csv","2","Stable forest","hi","High",
"1","EPSG:4326","3.206625","6.607375","Rasak Adekola","35","0.00936906595634918","3.18504098092009","Lagos","Nigeria","points","1.0","3","Deforestation","true","2018","12","3","pts_CE_2018-11-29_nigeria_GFC_samples.csv","1","Stable non-forest","hi","High",
"47","EPSG:4326","4.383625","6.589375","Rasak Adekola","36","0.00386078515060174","0.32172271114478","Ondo","Nigeria","points","1.0","3","Deforestation","true","2018","12","4","pts_CE_2018-11-29_nigeria_GFC_samples.csv","3","Deforestation","hi","High","Driven by Agriculture (Palm Plantation)"
"248","EPSG:4326","5.829875","6.577625","Rasak Adekola","230","0.0142017481603339","3.25645677968745","Edo","Nigeria","points","1.0","3","Deforestation","true","2018","12","4","pts_CE_2018-11-29_nigeria_GFC_samples.csv","3","Deforestation","hi","High",
"52","EPSG:4326","4.688625","6.575125","Rasak Adekola","58","0.00869793774456372","1.50837069308973","Ondo","Nigeria","points","1.0","3","Deforestation","true","2018","12","4","pts_CE_2018-11-29_nigeria_GFC_samples.csv","2","Stable forest","hi","High",
"6","EPSG:4326","5.805375","6.570125","Rasak Adekola","205","0.0169511655616335","3.83626878425614","Edo","Nigeria","points","1.0","3","Deforestation","true","2018","12","4","pts_CE_2018-11-29_nigeria_GFC_samples.csv","2","Stable forest","hi","High",
"22","EPSG:4326","6.036875","6.484875","Rasak Adekola","130","0.00672445782131401","5.4408518241024","Edo","Nigeria","points","1.0","3","Deforestation","true","2018","12","4","pts_CE_2018-11-29_nigeria_GFC_samples.csv","2","Stable forest","hi","High",
"86","EPSG:4326","5.225875","6.413125","Rasak Adekola","73","0.00626119054003257","1.87897649453041","Edo","Nigeria","points","1.0","3","Deforestation","true","2018","12","3","pts_CE_2018-11-29_nigeria_GFC_samples.csv","3","Deforestation","hi","High",
"214","EPSG:4326","5.865625","6.322875","Rasak Adekola","89","0.0151251497934471","2.57376876181759","Edo","Nigeria","points","1.0","3","Deforestation","true","2018","12","4","pts_CE_2018-11-29_nigeria_GFC_samples.csv","2","Stable forest","hi","High",
"24","EPSG:4326","5.384625","6.316875","Rasak Adekola","45","0.0223304879009329","2.59936361962871","Edo","Nigeria","points","1.0","3","Deforestation","true","2018","12","4","pts_CE_2018-11-29_nigeria_GFC_samples.csv","2","Stable forest","lo","Low","No clear image"
"284","EPSG:4326","8.770375","6.269875","Rasak Adekola","126","0.00518334575892207","6.17838284355923","Cross River","Nigeria","points","1.0","3","Deforestation","true","2018","12","4","pts_CE_2018-11-29_nigeria_GFC_samples.csv","2","Stable forest","hi","High",
"258","EPSG:4326","5.501375","6.127375","Rasak Adekola","27","0.00211815136220774","2.44733837128843","Edo","Nigeria","points","1.0","3","Deforestation","true","2018","12","4","pts_CE_2018-11-29_nigeria_GFC_samples.csv","2","Stable forest","hi","High","Degradation ocuured"
"12","EPSG:4326","5.850375","6.019875","Rasak Adekola","46","0.00249146841789886","4.32136440217052","Edo","Nigeria","points","1.0","3","Deforestation","true","2018","12","4","pts_CE_2018-11-29_nigeria_GFC_samples.csv","1","Stable non-forest","hi","High",
"73","EPSG:4326","6.308875","5.886375","Rasak Adekola","46","0.00406966264643856","3.14159265358979","Delta","Nigeria","points","1.0","3","Deforestation","true","2018","12","4","pts_CE_2018-11-29_nigeria_GFC_samples.csv","1","Stable non-forest","hi","High",
"279","EPSG:4326","6.245125","5.873875","Rasak Adekola","39","6.91670905417856E-4","6.0860699624956","Delta","Nigeria","points","1.0","3","Deforestation","true","2018","12","4","pts_CE_2018-11-29_nigeria_GFC_samples.csv","1","Stable non-forest","hi","High",
"243","EPSG:4326","8.315375","5.803125","Rasak Adekola","157","0.0283621853001707","4.77460769836423","Cross River","Nigeria","points","1.0","3","Deforestation","true","2018","12","4","pts_CE_2018-11-29_nigeria_GFC_samples.csv","2","Stable forest","hi","High",
"154","EPSG:4326","6.856375","5.793125","Rasak Adekola","66","0.00377814873796748","3.508233456609","Anambra","Nigeria","points","1.0","3","Deforestation","true","2018","12","4","pts_CE_2018-11-29_nigeria_GFC_samples.csv","3","Deforestation","hi","High","deforestation driven mining/erosion"
"269","EPSG:4326","7.491125","5.788375","Rasak Adekola","132","0.00873423404081558","0.449130927073935","Abia","Nigeria","points","1.0","3","Deforestation","true","2018","12","4","pts_CE_2018-11-29_nigeria_GFC_samples.csv","2","Stable forest","hi","High",
"268","EPSG:4326","7.842375","5.723375","Rasak Adekola","115","0.0175659861391749","2.11462427986239","Ebonyi","Nigeria","points","1.0","3","Deforestation","true","2018","12","4","pts_CE_2018-11-29_nigeria_GFC_samples.csv","3","Deforestation","hi","High",
"251","EPSG:4326","6.896125","5.677625","Rasak Adekola","71","0.0186752867827123","3.83358946522232","Imo","Nigeria","points","1.0","3","Deforestation","true","2018","12","4","pts_CE_2018-11-29_nigeria_GFC_samples.csv","2","Stable forest","hi","High","Forest gain"
"206","EPSG:4326","6.993375","5.476125","Rasak Adekola","71","6.9165289675914E-4","2.94460772711944","Imo","Nigeria","points","1.0","3","Deforestation","true","2018","12","4","pts_CE_2018-11-29_nigeria_GFC_samples.csv","3","Deforestation","hi","High","Driven by settlement expansion"
"65","EPSG:4326","6.983125","5.360125","Rasak Adekola","51","0.00718453576839766","4.76906407067799","Imo","Nigeria","points","1.0","3","Deforestation","true","2018","12","4","pts_CE_2018-11-29_nigeria_GFC_samples.csv","3","Deforestation","hi","High","Driven by Agriculture"
"167","EPSG:4326","7.129125","5.353375","Rasak Adekola","70","0.00285076928781384","2.70012470274921","Imo","Nigeria","points","1.0","3","Deforestation","true","2018","12","4","pts_CE_2018-11-29_nigeria_GFC_samples.csv","2","Stable forest","hi","High","Gain observed"
"267","EPSG:4326","8.043875","5.284625","Rasak Adekola","65","0.0165576177570672","3.48329055975384","Cross River","Nigeria","points","1.0","3","Deforestation","true","2018","12","4","pts_CE_2018-11-29_nigeria_GFC_samples.csv","1","Stable non-forest","hi","High","Crop land"
"247","EPSG:4326","7.253375","5.277875","Rasak Adekola","74","0.0154198796609411","2.10627335328693","Imo","Nigeria","points","1.0","3","Deforestation","true","2018","12","4","pts_CE_2018-11-29_nigeria_GFC_samples.csv","1","Stable non-forest","hi","High","cropland to Palm Plantation"
"165","EPSG:4326","7.262375","5.277125","Rasak Adekola","59","0.0151094829544477","1.96715411549677","Imo","Nigeria","points","1.0","3","Deforestation","true","2018","12","4","pts_CE_2018-11-29_nigeria_GFC_samples.csv","2","Stable forest","hi","High",
"71","EPSG:4326","6.756875","5.103125","Rasak Adekola","33","0.00116483593405695","4.09084126832867","Rivers","Nigeria","points","1.0","3","Deforestation","true","2018","12","4","pts_CE_2018-11-29_nigeria_GFC_samples.csv","1","Stable non-forest","hi","High","Oil Palm Plantation"
"84","EPSG:4326","8.156875","4.847125","Rasak Adekola","35","0.00673162476567442","2.09878734374472","Akwa Ibom","Nigeria","points","1.0","3","Deforestation","true","2018","12","4","pts_CE_2018-11-29_nigeria_GFC_samples.csv","1","Stable non-forest","hi","High",
"169","EPSG:4326","5.753125","5.732625","Rasak Adekola","11","6.91664244424878E-4","6.08611819050557","Delta","Nigeria","points","1.0","2","Stable forest","true","2018","12","4","pts_CE_2018-11-29_nigeria_GFC_samples.csv","2","Stable forest","hi","High",
"155","EPSG:4326","4.345875","7.212625","Rasak Adekola","164","0.00813838255621538","4.26414514599812","Osun","Nigeria","points","1.0","2","Stable forest","true","2018","12","4","pts_CE_2018-11-29_nigeria_GFC_samples.csv","1","Stable non-forest","hi","High",
"231","EPSG:4326","5.257375","9.374625","Rasak Adekola","132","0.00754147717448766","2.45511003031956","Niger","Nigeria","points","1.0","2","Stable forest","true","2018","12","4","pts_CE_2018-11-29_nigeria_GFC_samples.csv","2","Stable forest","hi","High",
"177","EPSG:4326","6.738875","4.687875","Rasak Adekola","4","0.00154347290944818","5.37506429030828","Rivers","Nigeria","points","1.0","2","Stable forest","true","2018","12","4","pts_CE_2018-11-29_nigeria_GFC_samples.csv","2","Stable forest","hi","High",
"198","EPSG:4326","4.965125","7.496875","Rasak Adekola","480","0.067705835148785","0.9057331497163","Osun","Nigeria","points","1.0","2","Stable forest","true","2018","12","4","pts_CE_2018-11-29_nigeria_GFC_samples.csv","2","Stable forest","hi","High",
"128","EPSG:4326","8.991125","10.956375","Rasak Adekola","834","0.017195054287183","2.20395098048477","Bauchi","Nigeria","points","1.0","2","Stable forest","true","2018","12","4","pts_CE_2018-11-29_nigeria_GFC_samples.csv","2","Stable forest","hi","High",
"51","EPSG:4326","7.850375","5.334875","Rasak Adekola","13","0.00610361698765601","1.5040705782011","Akwa Ibom","Nigeria","points","1.0","2","Stable forest","true","2018","12","4","pts_CE_2018-11-29_nigeria_GFC_samples.csv","1","Stable non-forest","hi","High","Vegetal cover more of palms and shrubs"
"91","EPSG:4326","5.890125","9.499125","Rasak Adekola","116","0.0128879878291957","1.65510196115141","Niger","Nigeria","points","1.0","2","Stable forest","true","2018","12","4","pts_CE_2018-11-29_nigeria_GFC_samples.csv","2","Stable forest","hi","High",
"147","EPSG:4326","3.762625","6.543125","Rasak Adekola","12","0.00250134160394865","0.218631566492452","Lagos","Nigeria","points","1.0","2","Stable forest","true","2018","12","4","pts_CE_2018-11-29_nigeria_GFC_samples.csv","2","Stable forest","hi","High",
"55","EPSG:4326","11.831625","7.506125","Rasak Adekola","883","0.0840742232684176","5.74137978297506","Taraba","Nigeria","points","1.0","2","Stable forest","true","2018","12","4","pts_CE_2018-11-29_nigeria_GFC_samples.csv","2","Stable forest","hi","High",
"188","EPSG:4326","4.466375","7.211625","Rasak Adekola","194","0.010376134964015","3.33922435664278","Osun","Nigeria","points","1.0","2","Stable forest","true","2018","12","4","pts_CE_2018-11-29_nigeria_GFC_samples.csv","1","Stable non-forest","hi","High",
"164","EPSG:4326","6.824625","4.703375","Rasak Adekola","12","9.56091818991348E-4","1.42843055286907","Rivers","Nigeria","points","1.0","2","Stable forest","true","2018","12","4","pts_CE_2018-11-29_nigeria_GFC_samples.csv","1","Stable non-forest","hi","High",
"182","EPSG:4326","11.648375","7.323125","Rasak Adekola","1241","0.14999327308154","2.61698476155982","Taraba","Nigeria","points","1.0","2","Stable forest","true","2018","12","4","pts_CE_2018-11-29_nigeria_GFC_samples.csv","2","Stable forest","hi","High",
"57","EPSG:4326","8.487125","8.733625","Rasak Adekola","413","0.0746384689538782","2.99125144489264","Nassarawa","Nigeria","points","1.0","2","Stable forest","true","2018","12","4","pts_CE_2018-11-29_nigeria_GFC_samples.csv","2","Stable forest","hi","High",
"211","EPSG:4326","3.717625","7.276375","Rasak Adekola","176","0.0137349430774574","1.99854118705615","Ogun","Nigeria","points","1.0","2","Stable forest","true","2018","12","4","pts_CE_2018-11-29_nigeria_GFC_samples.csv","1","Stable non-forest","hi","High",
"115","EPSG:4326","5.128375","6.990125","Rasak Adekola","229","0.0170761768630219","1.98794008138675","Ondo","Nigeria","points","1.0","2","Stable forest","true","2018","12","4","pts_CE_2018-11-29_nigeria_GFC_samples.csv","2","Stable forest","hi","High",
"58","EPSG:4326","5.496875","8.486375","Rasak Adekola","283","0.010413728907612","2.28013185173929","Kogi","Nigeria","points","1.0","2","Stable forest","true","2018","12","4","pts_CE_2018-11-29_nigeria_GFC_samples.csv","2","Stable forest","hi","High",
"252","EPSG:4326","5.263125","7.751875","Rasak Adekola","502","0.0193216171405801","2.92163693843278","Ekiti","Nigeria","points","1.0","2","Stable forest","true","2018","12","4","pts_CE_2018-11-29_nigeria_GFC_samples.csv","2","Stable forest","hi","High",
"69","EPSG:4326","5.657375","7.555875","Rasak Adekola","440","0.0143306065038793","3.57211294929788","Ondo","Nigeria","points","1.0","2","Stable forest","true","2018","12","4","pts_CE_2018-11-29_nigeria_GFC_samples.csv","2","Stable forest","hi","High",
"285","EPSG:4326","5.712125","7.878375","Rasak Adekola","444","0.0130495873014721","0.949436580080908","Kogi","Nigeria","points","1.0","2","Stable forest","true","2018","12","4","pts_CE_2018-11-29_nigeria_GFC_samples.csv","2","Stable forest","hi","High",
"234","EPSG:4326","6.220125","5.317875","Rasak Adekola","16","0.00291607317791278","1.18946211997157","Delta","Nigeria","points","1.0","2","Stable forest","true","2018","12","4","pts_CE_2018-11-29_nigeria_GFC_samples.csv","1","Stable non-forest","hi","High",
"53","EPSG:4326","5.339875","9.428375","Rasak Adekola","190","0.00929544275920518","5.81021490597432","Niger","Nigeria","points","1.0","2","Stable forest","true","2018","12","4","pts_CE_2018-11-29_nigeria_GFC_samples.csv","3","Deforestation","hi","High",
"95","EPSG:4326","7.976625","7.221125","Rasak Adekola","161","0.0135617758301086","1.4403909349071","Benue","Nigeria","points","1.0","2","Stable forest","true","2018","12","4","pts_CE_2018-11-29_nigeria_GFC_samples.csv","2","Stable forest","hi","High",
"81","EPSG:4326","4.531625","7.803375","Rasak Adekola","330","0.0103991352758452","3.27275523881794","Osun","Nigeria","points","1.0","2","Stable forest","true","2018","12","4","pts_CE_2018-11-29_nigeria_GFC_samples.csv","1","Stable non-forest","hi","High",
"265","EPSG:4326","3.294125","8.184375","Rasak Adekola","233","0.0076616987159457","5.05548843707235","Oyo","Nigeria","points","1.0","2","Stable forest","true","2018","12","4","pts_CE_2018-11-29_nigeria_GFC_samples.csv","2","Stable forest","hi","High","under serious threat of deforestation "
"37","EPSG:4326","11.886875","7.618875","Rasak Adekola","648","0.0815285035978009","4.6174038149352","Adamawa","Nigeria","points","1.0","2","Stable forest","true","2018","12","4","pts_CE_2018-11-29_nigeria_GFC_samples.csv","2","Stable forest","hi","High",
"222","EPSG:4326","6.346625","5.033125","Rasak Adekola","17","7.89340012872445E-4","1.029114363789","Bayelsa","Nigeria","points","1.0","2","Stable forest","true","2018","12","4","pts_CE_2018-11-29_nigeria_GFC_samples.csv","2","Stable forest","hi","High",
"120","EPSG:4326","6.314125","5.664875","Rasak Adekola","21","0.00103152944711634","1.97634941529134","Delta","Nigeria","points","1.0","2","Stable forest","true","2018","12","4","pts_CE_2018-11-29_nigeria_GFC_samples.csv","1","Stable non-forest","hi","High",
"283","EPSG:4326","6.431875","8.821375","Rasak Adekola","181","0.0528356749681778","4.92188527435357","Niger","Nigeria","points","1.0","2","Stable forest","true","2018","12","4","pts_CE_2018-11-29_nigeria_GFC_samples.csv","2","Stable forest","hi","High",
"271","EPSG:4326","11.433125","6.952625","Rasak Adekola","1552","0.0157822026604155","1.01887579789816","Taraba","Nigeria","points","1.0","2","Stable forest","true","2018","12","4","pts_CE_2018-11-29_nigeria_GFC_samples.csv","1","Stable non-forest","hi","High",
"172","EPSG:4326","2.802375","8.083375","Rasak Adekola","234","0.013826946786183","4.82051997477384","Oyo","Nigeria","points","1.0","2","Stable forest","true","2018","12","4","pts_CE_2018-11-29_nigeria_GFC_samples.csv","2","Stable forest","hi","High",
